iteration: 20020, loss: 0.0028, scmap loss: 0.0025, locref loss: 0.0000, limb loss: 0.0003, lr: 3e-05
iteration: 20040, loss: 0.0026, scmap loss: 0.0023, locref loss: 0.0000, limb loss: 0.0002, lr: 3e-05
iteration: 20060, loss: 0.0024, scmap loss: 0.0022, locref loss: 0.0000, limb loss: 0.0002, lr: 3e-05
iteration: 20080, loss: 0.0024, scmap loss: 0.0021, locref loss: 0.0000, limb loss: 0.0002, lr: 3e-05
iteration: 20100, loss: 0.0023, scmap loss: 0.0021, locref loss: 0.0000, limb loss: 0.0002, lr: 3e-05
iteration: 20120, loss: 0.0023, scmap loss: 0.0020, locref loss: 0.0000, limb loss: 0.0002, lr: 3e-05
iteration: 20140, loss: 0.0023, scmap loss: 0.0021, locref loss: 0.0000, limb loss: 0.0002, lr: 3e-05
iteration: 20160, loss: 0.0023, scmap loss: 0.0021, locref loss: 0.0000, limb loss: 0.0002, lr: 3e-05
iteration: 20180, loss: 0.0026, scmap loss: 0.0023, locref loss: 0.0000, limb loss: 0.0002, lr: 3e-05
iteration: 20200, loss: 0.0026, scmap loss: 0.0023, locref loss: 0.0000, limb loss: 0.0003, lr: 3e-05
iteration: 20220, loss: 0.0025, scmap loss: 0.0022, locref loss: 0.0000, limb loss: 0.0002, lr: 3e-05
iteration: 20240, loss: 0.0026, scmap loss: 0.0023, locref loss: 0.0000, limb loss: 0.0002, lr: 3e-05
iteration: 20260, loss: 0.0022, scmap loss: 0.0020, locref loss: 0.0000, limb loss: 0.0002, lr: 3e-05
iteration: 20280, loss: 0.0024, scmap loss: 0.0022, locref loss: 0.0000, limb loss: 0.0002, lr: 3e-05
iteration: 20300, loss: 0.0021, scmap loss: 0.0019, locref loss: 0.0000, limb loss: 0.0002, lr: 3e-05
iteration: 20320, loss: 0.0024, scmap loss: 0.0021, locref loss: 0.0000, limb loss: 0.0002, lr: 3e-05
iteration: 20340, loss: 0.0022, scmap loss: 0.0020, locref loss: 0.0000, limb loss: 0.0002, lr: 3e-05
iteration: 20360, loss: 0.0024, scmap loss: 0.0021, locref loss: 0.0000, limb loss: 0.0002, lr: 3e-05
iteration: 20380, loss: 0.0024, scmap loss: 0.0021, locref loss: 0.0000, limb loss: 0.0002, lr: 3e-05
iteration: 20400, loss: 0.0022, scmap loss: 0.0020, locref loss: 0.0000, limb loss: 0.0002, lr: 3e-05
iteration: 20420, loss: 0.0024, scmap loss: 0.0021, locref loss: 0.0000, limb loss: 0.0002, lr: 3e-05
iteration: 20440, loss: 0.0027, scmap loss: 0.0024, locref loss: 0.0000, limb loss: 0.0002, lr: 3e-05
iteration: 20460, loss: 0.0023, scmap loss: 0.0020, locref loss: 0.0000, limb loss: 0.0002, lr: 3e-05
iteration: 20480, loss: 0.0025, scmap loss: 0.0023, locref loss: 0.0000, limb loss: 0.0002, lr: 3e-05
iteration: 20500, loss: 0.0023, scmap loss: 0.0021, locref loss: 0.0000, limb loss: 0.0002, lr: 3e-05
iteration: 20520, loss: 0.0022, scmap loss: 0.0020, locref loss: 0.0000, limb loss: 0.0002, lr: 3e-05
iteration: 20540, loss: 0.0023, scmap loss: 0.0021, locref loss: 0.0000, limb loss: 0.0002, lr: 3e-05
iteration: 20560, loss: 0.0024, scmap loss: 0.0022, locref loss: 0.0000, limb loss: 0.0002, lr: 3e-05
iteration: 20580, loss: 0.0023, scmap loss: 0.0021, locref loss: 0.0000, limb loss: 0.0002, lr: 3e-05
iteration: 20600, loss: 0.0025, scmap loss: 0.0023, locref loss: 0.0000, limb loss: 0.0002, lr: 3e-05
iteration: 20620, loss: 0.0024, scmap loss: 0.0021, locref loss: 0.0000, limb loss: 0.0002, lr: 3e-05
iteration: 20640, loss: 0.0023, scmap loss: 0.0021, locref loss: 0.0000, limb loss: 0.0002, lr: 3e-05
iteration: 20660, loss: 0.0024, scmap loss: 0.0021, locref loss: 0.0000, limb loss: 0.0002, lr: 3e-05
iteration: 20680, loss: 0.0026, scmap loss: 0.0024, locref loss: 0.0000, limb loss: 0.0002, lr: 3e-05
iteration: 20700, loss: 0.0024, scmap loss: 0.0021, locref loss: 0.0000, limb loss: 0.0002, lr: 3e-05
iteration: 20720, loss: 0.0022, scmap loss: 0.0019, locref loss: 0.0000, limb loss: 0.0002, lr: 3e-05
iteration: 20740, loss: 0.0023, scmap loss: 0.0021, locref loss: 0.0000, limb loss: 0.0002, lr: 3e-05
iteration: 20760, loss: 0.0024, scmap loss: 0.0021, locref loss: 0.0000, limb loss: 0.0002, lr: 3e-05
iteration: 20780, loss: 0.0023, scmap loss: 0.0021, locref loss: 0.0000, limb loss: 0.0002, lr: 3e-05
iteration: 20800, loss: 0.0023, scmap loss: 0.0021, locref loss: 0.0000, limb loss: 0.0002, lr: 3e-05
iteration: 20820, loss: 0.0021, scmap loss: 0.0019, locref loss: 0.0000, limb loss: 0.0002, lr: 3e-05
iteration: 20840, loss: 0.0023, scmap loss: 0.0020, locref loss: 0.0000, limb loss: 0.0002, lr: 3e-05
iteration: 20860, loss: 0.0024, scmap loss: 0.0021, locref loss: 0.0000, limb loss: 0.0002, lr: 3e-05
iteration: 20880, loss: 0.0023, scmap loss: 0.0020, locref loss: 0.0000, limb loss: 0.0002, lr: 3e-05
iteration: 20900, loss: 0.0024, scmap loss: 0.0022, locref loss: 0.0000, limb loss: 0.0002, lr: 3e-05
iteration: 20920, loss: 0.0023, scmap loss: 0.0021, locref loss: 0.0000, limb loss: 0.0002, lr: 3e-05
iteration: 20940, loss: 0.0024, scmap loss: 0.0021, locref loss: 0.0000, limb loss: 0.0002, lr: 3e-05
iteration: 20960, loss: 0.0024, scmap loss: 0.0022, locref loss: 0.0000, limb loss: 0.0002, lr: 3e-05
iteration: 20980, loss: 0.0023, scmap loss: 0.0021, locref loss: 0.0000, limb loss: 0.0002, lr: 3e-05
iteration: 21000, loss: 0.0023, scmap loss: 0.0021, locref loss: 0.0000, limb loss: 0.0002, lr: 3e-05
iteration: 21020, loss: 0.0023, scmap loss: 0.0021, locref loss: 0.0000, limb loss: 0.0002, lr: 3e-05
iteration: 21040, loss: 0.0024, scmap loss: 0.0021, locref loss: 0.0000, limb loss: 0.0002, lr: 3e-05
iteration: 21060, loss: 0.0022, scmap loss: 0.0020, locref loss: 0.0000, limb loss: 0.0002, lr: 3e-05
iteration: 21080, loss: 0.0023, scmap loss: 0.0021, locref loss: 0.0000, limb loss: 0.0002, lr: 3e-05
iteration: 21100, loss: 0.0022, scmap loss: 0.0020, locref loss: 0.0000, limb loss: 0.0002, lr: 3e-05
iteration: 21120, loss: 0.0024, scmap loss: 0.0022, locref loss: 0.0000, limb loss: 0.0002, lr: 3e-05
iteration: 21140, loss: 0.0024, scmap loss: 0.0021, locref loss: 0.0000, limb loss: 0.0002, lr: 3e-05
iteration: 21160, loss: 0.0025, scmap loss: 0.0022, locref loss: 0.0000, limb loss: 0.0002, lr: 3e-05
iteration: 21180, loss: 0.0023, scmap loss: 0.0021, locref loss: 0.0000, limb loss: 0.0002, lr: 3e-05
iteration: 21200, loss: 0.0024, scmap loss: 0.0022, locref loss: 0.0000, limb loss: 0.0002, lr: 3e-05
iteration: 21220, loss: 0.0023, scmap loss: 0.0021, locref loss: 0.0000, limb loss: 0.0002, lr: 3e-05
iteration: 21240, loss: 0.0024, scmap loss: 0.0022, locref loss: 0.0000, limb loss: 0.0002, lr: 3e-05
iteration: 21260, loss: 0.0022, scmap loss: 0.0020, locref loss: 0.0000, limb loss: 0.0002, lr: 3e-05
iteration: 21280, loss: 0.0023, scmap loss: 0.0021, locref loss: 0.0000, limb loss: 0.0002, lr: 3e-05
iteration: 21300, loss: 0.0022, scmap loss: 0.0020, locref loss: 0.0000, limb loss: 0.0002, lr: 3e-05
iteration: 21320, loss: 0.0024, scmap loss: 0.0022, locref loss: 0.0000, limb loss: 0.0002, lr: 3e-05
iteration: 21340, loss: 0.0026, scmap loss: 0.0023, locref loss: 0.0000, limb loss: 0.0003, lr: 3e-05
iteration: 21360, loss: 0.0024, scmap loss: 0.0022, locref loss: 0.0000, limb loss: 0.0002, lr: 3e-05
iteration: 21380, loss: 0.0023, scmap loss: 0.0021, locref loss: 0.0000, limb loss: 0.0002, lr: 3e-05
iteration: 21400, loss: 0.0023, scmap loss: 0.0021, locref loss: 0.0000, limb loss: 0.0002, lr: 3e-05
iteration: 21420, loss: 0.0023, scmap loss: 0.0021, locref loss: 0.0000, limb loss: 0.0002, lr: 3e-05
iteration: 21440, loss: 0.0023, scmap loss: 0.0020, locref loss: 0.0000, limb loss: 0.0002, lr: 3e-05
iteration: 21460, loss: 0.0022, scmap loss: 0.0020, locref loss: 0.0000, limb loss: 0.0002, lr: 3e-05
iteration: 21480, loss: 0.0024, scmap loss: 0.0021, locref loss: 0.0000, limb loss: 0.0002, lr: 3e-05
iteration: 21500, loss: 0.0022, scmap loss: 0.0019, locref loss: 0.0000, limb loss: 0.0002, lr: 3e-05
iteration: 21520, loss: 0.0023, scmap loss: 0.0021, locref loss: 0.0000, limb loss: 0.0002, lr: 3e-05
iteration: 21540, loss: 0.0023, scmap loss: 0.0020, locref loss: 0.0000, limb loss: 0.0002, lr: 3e-05
iteration: 21560, loss: 0.0023, scmap loss: 0.0021, locref loss: 0.0000, limb loss: 0.0002, lr: 3e-05
iteration: 21580, loss: 0.0020, scmap loss: 0.0018, locref loss: 0.0000, limb loss: 0.0002, lr: 3e-05
iteration: 21600, loss: 0.0022, scmap loss: 0.0020, locref loss: 0.0000, limb loss: 0.0002, lr: 3e-05
iteration: 21620, loss: 0.0023, scmap loss: 0.0020, locref loss: 0.0000, limb loss: 0.0002, lr: 3e-05
iteration: 21640, loss: 0.0022, scmap loss: 0.0020, locref loss: 0.0000, limb loss: 0.0002, lr: 3e-05
iteration: 21660, loss: 0.0024, scmap loss: 0.0021, locref loss: 0.0000, limb loss: 0.0002, lr: 3e-05
iteration: 21680, loss: 0.0023, scmap loss: 0.0020, locref loss: 0.0000, limb loss: 0.0002, lr: 3e-05
iteration: 21700, loss: 0.0023, scmap loss: 0.0021, locref loss: 0.0000, limb loss: 0.0002, lr: 3e-05
iteration: 21720, loss: 0.0023, scmap loss: 0.0020, locref loss: 0.0000, limb loss: 0.0002, lr: 3e-05
iteration: 21740, loss: 0.0023, scmap loss: 0.0021, locref loss: 0.0000, limb loss: 0.0002, lr: 3e-05
iteration: 21760, loss: 0.0022, scmap loss: 0.0020, locref loss: 0.0000, limb loss: 0.0002, lr: 3e-05
iteration: 21780, loss: 0.0023, scmap loss: 0.0020, locref loss: 0.0000, limb loss: 0.0003, lr: 3e-05
iteration: 21800, loss: 0.0025, scmap loss: 0.0022, locref loss: 0.0000, limb loss: 0.0002, lr: 3e-05
iteration: 21820, loss: 0.0025, scmap loss: 0.0022, locref loss: 0.0000, limb loss: 0.0002, lr: 3e-05
iteration: 21840, loss: 0.0023, scmap loss: 0.0021, locref loss: 0.0000, limb loss: 0.0002, lr: 3e-05
iteration: 21860, loss: 0.0022, scmap loss: 0.0020, locref loss: 0.0000, limb loss: 0.0002, lr: 3e-05
iteration: 21880, loss: 0.0025, scmap loss: 0.0022, locref loss: 0.0000, limb loss: 0.0002, lr: 3e-05
iteration: 21900, loss: 0.0022, scmap loss: 0.0020, locref loss: 0.0000, limb loss: 0.0002, lr: 3e-05
iteration: 21920, loss: 0.0022, scmap loss: 0.0020, locref loss: 0.0000, limb loss: 0.0002, lr: 3e-05
iteration: 21940, loss: 0.0023, scmap loss: 0.0021, locref loss: 0.0000, limb loss: 0.0002, lr: 3e-05
iteration: 21960, loss: 0.0023, scmap loss: 0.0021, locref loss: 0.0000, limb loss: 0.0002, lr: 3e-05
iteration: 21980, loss: 0.0021, scmap loss: 0.0019, locref loss: 0.0000, limb loss: 0.0002, lr: 3e-05
iteration: 22000, loss: 0.0023, scmap loss: 0.0020, locref loss: 0.0000, limb loss: 0.0002, lr: 3e-05
iteration: 22020, loss: 0.0025, scmap loss: 0.0023, locref loss: 0.0000, limb loss: 0.0002, lr: 3e-05
iteration: 22040, loss: 0.0023, scmap loss: 0.0020, locref loss: 0.0000, limb loss: 0.0002, lr: 3e-05
iteration: 22060, loss: 0.0022, scmap loss: 0.0020, locref loss: 0.0000, limb loss: 0.0002, lr: 3e-05
iteration: 22080, loss: 0.0024, scmap loss: 0.0021, locref loss: 0.0000, limb loss: 0.0002, lr: 3e-05
iteration: 22100, loss: 0.0023, scmap loss: 0.0021, locref loss: 0.0000, limb loss: 0.0002, lr: 3e-05
iteration: 22120, loss: 0.0023, scmap loss: 0.0021, locref loss: 0.0000, limb loss: 0.0002, lr: 3e-05
iteration: 22140, loss: 0.0026, scmap loss: 0.0023, locref loss: 0.0000, limb loss: 0.0002, lr: 3e-05
iteration: 22160, loss: 0.0021, scmap loss: 0.0019, locref loss: 0.0000, limb loss: 0.0002, lr: 3e-05
iteration: 22180, loss: 0.0023, scmap loss: 0.0021, locref loss: 0.0000, limb loss: 0.0002, lr: 3e-05
iteration: 22200, loss: 0.0021, scmap loss: 0.0018, locref loss: 0.0000, limb loss: 0.0002, lr: 3e-05
iteration: 22220, loss: 0.0023, scmap loss: 0.0021, locref loss: 0.0000, limb loss: 0.0002, lr: 3e-05
iteration: 22240, loss: 0.0023, scmap loss: 0.0021, locref loss: 0.0000, limb loss: 0.0002, lr: 3e-05
iteration: 22260, loss: 0.0023, scmap loss: 0.0020, locref loss: 0.0000, limb loss: 0.0002, lr: 3e-05
iteration: 22280, loss: 0.0021, scmap loss: 0.0019, locref loss: 0.0000, limb loss: 0.0002, lr: 3e-05
iteration: 22300, loss: 0.0022, scmap loss: 0.0020, locref loss: 0.0000, limb loss: 0.0002, lr: 3e-05
iteration: 22320, loss: 0.0025, scmap loss: 0.0022, locref loss: 0.0000, limb loss: 0.0002, lr: 3e-05
iteration: 22340, loss: 0.0023, scmap loss: 0.0020, locref loss: 0.0000, limb loss: 0.0002, lr: 3e-05
iteration: 22360, loss: 0.0023, scmap loss: 0.0020, locref loss: 0.0000, limb loss: 0.0002, lr: 3e-05
iteration: 22380, loss: 0.0023, scmap loss: 0.0021, locref loss: 0.0000, limb loss: 0.0002, lr: 3e-05
iteration: 22400, loss: 0.0023, scmap loss: 0.0021, locref loss: 0.0000, limb loss: 0.0002, lr: 3e-05
iteration: 22420, loss: 0.0022, scmap loss: 0.0020, locref loss: 0.0000, limb loss: 0.0002, lr: 3e-05
iteration: 22440, loss: 0.0025, scmap loss: 0.0022, locref loss: 0.0000, limb loss: 0.0002, lr: 3e-05
iteration: 22460, loss: 0.0022, scmap loss: 0.0020, locref loss: 0.0000, limb loss: 0.0002, lr: 3e-05
iteration: 22480, loss: 0.0023, scmap loss: 0.0021, locref loss: 0.0000, limb loss: 0.0002, lr: 3e-05
iteration: 22500, loss: 0.0023, scmap loss: 0.0021, locref loss: 0.0000, limb loss: 0.0002, lr: 3e-05
iteration: 22520, loss: 0.0023, scmap loss: 0.0021, locref loss: 0.0000, limb loss: 0.0002, lr: 3e-05
iteration: 22540, loss: 0.0022, scmap loss: 0.0020, locref loss: 0.0000, limb loss: 0.0002, lr: 3e-05
iteration: 22560, loss: 0.0025, scmap loss: 0.0022, locref loss: 0.0000, limb loss: 0.0002, lr: 3e-05
iteration: 22580, loss: 0.0022, scmap loss: 0.0020, locref loss: 0.0000, limb loss: 0.0002, lr: 3e-05
iteration: 22600, loss: 0.0022, scmap loss: 0.0020, locref loss: 0.0000, limb loss: 0.0002, lr: 3e-05
iteration: 22620, loss: 0.0022, scmap loss: 0.0020, locref loss: 0.0000, limb loss: 0.0002, lr: 3e-05
iteration: 22640, loss: 0.0021, scmap loss: 0.0019, locref loss: 0.0000, limb loss: 0.0002, lr: 3e-05
iteration: 22660, loss: 0.0023, scmap loss: 0.0021, locref loss: 0.0000, limb loss: 0.0002, lr: 3e-05
iteration: 22680, loss: 0.0023, scmap loss: 0.0021, locref loss: 0.0000, limb loss: 0.0002, lr: 3e-05
iteration: 22700, loss: 0.0025, scmap loss: 0.0022, locref loss: 0.0000, limb loss: 0.0002, lr: 3e-05
iteration: 22720, loss: 0.0023, scmap loss: 0.0021, locref loss: 0.0000, limb loss: 0.0002, lr: 3e-05
iteration: 22740, loss: 0.0026, scmap loss: 0.0023, locref loss: 0.0000, limb loss: 0.0002, lr: 3e-05
iteration: 22760, loss: 0.0020, scmap loss: 0.0018, locref loss: 0.0000, limb loss: 0.0002, lr: 3e-05
iteration: 22780, loss: 0.0023, scmap loss: 0.0020, locref loss: 0.0000, limb loss: 0.0002, lr: 3e-05
iteration: 22800, loss: 0.0022, scmap loss: 0.0020, locref loss: 0.0000, limb loss: 0.0002, lr: 3e-05
iteration: 22820, loss: 0.0023, scmap loss: 0.0020, locref loss: 0.0000, limb loss: 0.0002, lr: 3e-05
iteration: 22840, loss: 0.0023, scmap loss: 0.0020, locref loss: 0.0000, limb loss: 0.0002, lr: 3e-05
iteration: 22860, loss: 0.0023, scmap loss: 0.0020, locref loss: 0.0000, limb loss: 0.0002, lr: 3e-05
iteration: 22880, loss: 0.0022, scmap loss: 0.0020, locref loss: 0.0000, limb loss: 0.0002, lr: 3e-05
iteration: 22900, loss: 0.0023, scmap loss: 0.0020, locref loss: 0.0000, limb loss: 0.0002, lr: 3e-05
iteration: 22920, loss: 0.0023, scmap loss: 0.0021, locref loss: 0.0000, limb loss: 0.0002, lr: 3e-05
iteration: 22940, loss: 0.0022, scmap loss: 0.0020, locref loss: 0.0000, limb loss: 0.0002, lr: 3e-05
iteration: 22960, loss: 0.0021, scmap loss: 0.0019, locref loss: 0.0000, limb loss: 0.0002, lr: 3e-05
iteration: 22980, loss: 0.0024, scmap loss: 0.0022, locref loss: 0.0000, limb loss: 0.0002, lr: 3e-05
iteration: 23000, loss: 0.0024, scmap loss: 0.0022, locref loss: 0.0000, limb loss: 0.0002, lr: 3e-05
iteration: 23020, loss: 0.0023, scmap loss: 0.0020, locref loss: 0.0000, limb loss: 0.0002, lr: 3e-05
iteration: 23040, loss: 0.0023, scmap loss: 0.0020, locref loss: 0.0000, limb loss: 0.0002, lr: 3e-05
iteration: 23060, loss: 0.0023, scmap loss: 0.0021, locref loss: 0.0000, limb loss: 0.0002, lr: 3e-05
iteration: 23080, loss: 0.0021, scmap loss: 0.0019, locref loss: 0.0000, limb loss: 0.0002, lr: 3e-05
iteration: 23100, loss: 0.0025, scmap loss: 0.0022, locref loss: 0.0000, limb loss: 0.0002, lr: 3e-05
iteration: 23120, loss: 0.0023, scmap loss: 0.0021, locref loss: 0.0000, limb loss: 0.0002, lr: 3e-05
iteration: 23140, loss: 0.0021, scmap loss: 0.0019, locref loss: 0.0000, limb loss: 0.0002, lr: 3e-05
iteration: 23160, loss: 0.0022, scmap loss: 0.0020, locref loss: 0.0000, limb loss: 0.0002, lr: 3e-05
iteration: 23180, loss: 0.0022, scmap loss: 0.0019, locref loss: 0.0000, limb loss: 0.0002, lr: 3e-05
iteration: 23200, loss: 0.0023, scmap loss: 0.0020, locref loss: 0.0000, limb loss: 0.0002, lr: 3e-05
iteration: 23220, loss: 0.0022, scmap loss: 0.0020, locref loss: 0.0000, limb loss: 0.0002, lr: 3e-05
iteration: 23240, loss: 0.0024, scmap loss: 0.0021, locref loss: 0.0000, limb loss: 0.0002, lr: 3e-05
iteration: 23260, loss: 0.0023, scmap loss: 0.0021, locref loss: 0.0000, limb loss: 0.0002, lr: 3e-05
iteration: 23280, loss: 0.0021, scmap loss: 0.0019, locref loss: 0.0000, limb loss: 0.0002, lr: 3e-05
iteration: 23300, loss: 0.0022, scmap loss: 0.0020, locref loss: 0.0000, limb loss: 0.0002, lr: 3e-05
iteration: 23320, loss: 0.0023, scmap loss: 0.0021, locref loss: 0.0000, limb loss: 0.0002, lr: 3e-05
iteration: 23340, loss: 0.0021, scmap loss: 0.0019, locref loss: 0.0000, limb loss: 0.0002, lr: 3e-05
iteration: 23360, loss: 0.0022, scmap loss: 0.0019, locref loss: 0.0000, limb loss: 0.0002, lr: 3e-05
iteration: 23380, loss: 0.0022, scmap loss: 0.0019, locref loss: 0.0000, limb loss: 0.0002, lr: 3e-05
iteration: 23400, loss: 0.0023, scmap loss: 0.0021, locref loss: 0.0000, limb loss: 0.0002, lr: 3e-05
iteration: 23420, loss: 0.0023, scmap loss: 0.0020, locref loss: 0.0000, limb loss: 0.0002, lr: 3e-05
iteration: 23440, loss: 0.0022, scmap loss: 0.0020, locref loss: 0.0000, limb loss: 0.0002, lr: 3e-05
iteration: 23460, loss: 0.0021, scmap loss: 0.0019, locref loss: 0.0000, limb loss: 0.0002, lr: 3e-05
iteration: 23480, loss: 0.0020, scmap loss: 0.0018, locref loss: 0.0000, limb loss: 0.0002, lr: 3e-05
iteration: 23500, loss: 0.0023, scmap loss: 0.0021, locref loss: 0.0000, limb loss: 0.0002, lr: 3e-05
iteration: 23520, loss: 0.0024, scmap loss: 0.0022, locref loss: 0.0000, limb loss: 0.0002, lr: 3e-05
iteration: 23540, loss: 0.0022, scmap loss: 0.0020, locref loss: 0.0000, limb loss: 0.0002, lr: 3e-05
iteration: 23560, loss: 0.0021, scmap loss: 0.0019, locref loss: 0.0000, limb loss: 0.0002, lr: 3e-05
iteration: 23580, loss: 0.0023, scmap loss: 0.0020, locref loss: 0.0000, limb loss: 0.0002, lr: 3e-05
iteration: 23600, loss: 0.0021, scmap loss: 0.0019, locref loss: 0.0000, limb loss: 0.0002, lr: 3e-05
iteration: 23620, loss: 0.0020, scmap loss: 0.0018, locref loss: 0.0000, limb loss: 0.0002, lr: 3e-05
iteration: 23640, loss: 0.0022, scmap loss: 0.0019, locref loss: 0.0000, limb loss: 0.0002, lr: 3e-05
iteration: 23660, loss: 0.0022, scmap loss: 0.0019, locref loss: 0.0000, limb loss: 0.0002, lr: 3e-05
iteration: 23680, loss: 0.0024, scmap loss: 0.0021, locref loss: 0.0000, limb loss: 0.0002, lr: 3e-05
iteration: 23700, loss: 0.0024, scmap loss: 0.0022, locref loss: 0.0000, limb loss: 0.0002, lr: 3e-05
iteration: 23720, loss: 0.0022, scmap loss: 0.0020, locref loss: 0.0000, limb loss: 0.0002, lr: 3e-05
iteration: 23740, loss: 0.0024, scmap loss: 0.0022, locref loss: 0.0000, limb loss: 0.0002, lr: 3e-05
iteration: 23760, loss: 0.0022, scmap loss: 0.0020, locref loss: 0.0000, limb loss: 0.0002, lr: 3e-05
iteration: 23780, loss: 0.0024, scmap loss: 0.0022, locref loss: 0.0000, limb loss: 0.0002, lr: 3e-05
iteration: 23800, loss: 0.0022, scmap loss: 0.0020, locref loss: 0.0000, limb loss: 0.0002, lr: 3e-05
iteration: 23820, loss: 0.0020, scmap loss: 0.0018, locref loss: 0.0000, limb loss: 0.0002, lr: 3e-05
iteration: 23840, loss: 0.0022, scmap loss: 0.0020, locref loss: 0.0000, limb loss: 0.0002, lr: 3e-05
iteration: 23860, loss: 0.0023, scmap loss: 0.0021, locref loss: 0.0000, limb loss: 0.0002, lr: 3e-05
iteration: 23880, loss: 0.0021, scmap loss: 0.0019, locref loss: 0.0000, limb loss: 0.0002, lr: 3e-05
iteration: 23900, loss: 0.0021, scmap loss: 0.0019, locref loss: 0.0000, limb loss: 0.0002, lr: 3e-05
iteration: 23920, loss: 0.0022, scmap loss: 0.0020, locref loss: 0.0000, limb loss: 0.0002, lr: 3e-05
iteration: 23940, loss: 0.0021, scmap loss: 0.0019, locref loss: 0.0000, limb loss: 0.0002, lr: 3e-05
iteration: 23960, loss: 0.0024, scmap loss: 0.0022, locref loss: 0.0000, limb loss: 0.0002, lr: 3e-05
iteration: 23980, loss: 0.0024, scmap loss: 0.0022, locref loss: 0.0000, limb loss: 0.0002, lr: 3e-05
iteration: 24000, loss: 0.0023, scmap loss: 0.0020, locref loss: 0.0000, limb loss: 0.0002, lr: 3e-05
iteration: 24020, loss: 0.0024, scmap loss: 0.0021, locref loss: 0.0000, limb loss: 0.0002, lr: 3e-05
iteration: 24040, loss: 0.0021, scmap loss: 0.0019, locref loss: 0.0000, limb loss: 0.0002, lr: 3e-05
iteration: 24060, loss: 0.0022, scmap loss: 0.0020, locref loss: 0.0000, limb loss: 0.0002, lr: 3e-05
iteration: 24080, loss: 0.0023, scmap loss: 0.0020, locref loss: 0.0000, limb loss: 0.0002, lr: 3e-05
iteration: 24100, loss: 0.0024, scmap loss: 0.0022, locref loss: 0.0000, limb loss: 0.0002, lr: 3e-05
iteration: 24120, loss: 0.0022, scmap loss: 0.0020, locref loss: 0.0000, limb loss: 0.0002, lr: 3e-05
iteration: 24140, loss: 0.0021, scmap loss: 0.0018, locref loss: 0.0000, limb loss: 0.0002, lr: 3e-05
iteration: 24160, loss: 0.0025, scmap loss: 0.0022, locref loss: 0.0000, limb loss: 0.0002, lr: 3e-05
iteration: 24180, loss: 0.0023, scmap loss: 0.0020, locref loss: 0.0000, limb loss: 0.0002, lr: 3e-05
iteration: 24200, loss: 0.0022, scmap loss: 0.0020, locref loss: 0.0000, limb loss: 0.0002, lr: 3e-05
iteration: 24220, loss: 0.0021, scmap loss: 0.0019, locref loss: 0.0000, limb loss: 0.0002, lr: 3e-05
iteration: 24240, loss: 0.0022, scmap loss: 0.0020, locref loss: 0.0000, limb loss: 0.0002, lr: 3e-05
iteration: 24260, loss: 0.0022, scmap loss: 0.0020, locref loss: 0.0000, limb loss: 0.0002, lr: 3e-05
iteration: 24280, loss: 0.0022, scmap loss: 0.0020, locref loss: 0.0000, limb loss: 0.0002, lr: 3e-05
iteration: 24300, loss: 0.0021, scmap loss: 0.0019, locref loss: 0.0000, limb loss: 0.0002, lr: 3e-05
iteration: 24320, loss: 0.0022, scmap loss: 0.0020, locref loss: 0.0000, limb loss: 0.0002, lr: 3e-05
iteration: 24340, loss: 0.0021, scmap loss: 0.0020, locref loss: 0.0000, limb loss: 0.0002, lr: 3e-05
iteration: 24360, loss: 0.0020, scmap loss: 0.0018, locref loss: 0.0000, limb loss: 0.0002, lr: 3e-05
iteration: 24380, loss: 0.0020, scmap loss: 0.0018, locref loss: 0.0000, limb loss: 0.0002, lr: 3e-05
iteration: 24400, loss: 0.0021, scmap loss: 0.0019, locref loss: 0.0000, limb loss: 0.0002, lr: 3e-05
iteration: 24420, loss: 0.0023, scmap loss: 0.0021, locref loss: 0.0000, limb loss: 0.0002, lr: 3e-05
iteration: 24440, loss: 0.0022, scmap loss: 0.0020, locref loss: 0.0000, limb loss: 0.0002, lr: 3e-05
iteration: 24460, loss: 0.0022, scmap loss: 0.0020, locref loss: 0.0000, limb loss: 0.0002, lr: 3e-05
iteration: 24480, loss: 0.0023, scmap loss: 0.0021, locref loss: 0.0000, limb loss: 0.0002, lr: 3e-05
iteration: 24500, loss: 0.0023, scmap loss: 0.0021, locref loss: 0.0000, limb loss: 0.0002, lr: 3e-05
iteration: 24520, loss: 0.0019, scmap loss: 0.0017, locref loss: 0.0000, limb loss: 0.0002, lr: 3e-05
iteration: 24540, loss: 0.0020, scmap loss: 0.0018, locref loss: 0.0000, limb loss: 0.0002, lr: 3e-05
iteration: 24560, loss: 0.0022, scmap loss: 0.0020, locref loss: 0.0000, limb loss: 0.0002, lr: 3e-05
iteration: 24580, loss: 0.0021, scmap loss: 0.0019, locref loss: 0.0000, limb loss: 0.0002, lr: 3e-05
iteration: 24600, loss: 0.0023, scmap loss: 0.0020, locref loss: 0.0000, limb loss: 0.0002, lr: 3e-05
iteration: 24620, loss: 0.0021, scmap loss: 0.0019, locref loss: 0.0000, limb loss: 0.0002, lr: 3e-05
iteration: 24640, loss: 0.0021, scmap loss: 0.0019, locref loss: 0.0000, limb loss: 0.0002, lr: 3e-05
iteration: 24660, loss: 0.0022, scmap loss: 0.0019, locref loss: 0.0000, limb loss: 0.0002, lr: 3e-05
iteration: 24680, loss: 0.0022, scmap loss: 0.0020, locref loss: 0.0000, limb loss: 0.0002, lr: 3e-05
iteration: 24700, loss: 0.0023, scmap loss: 0.0021, locref loss: 0.0000, limb loss: 0.0002, lr: 3e-05
iteration: 24720, loss: 0.0022, scmap loss: 0.0020, locref loss: 0.0000, limb loss: 0.0002, lr: 3e-05
iteration: 24740, loss: 0.0023, scmap loss: 0.0021, locref loss: 0.0000, limb loss: 0.0002, lr: 3e-05
iteration: 24760, loss: 0.0021, scmap loss: 0.0018, locref loss: 0.0000, limb loss: 0.0002, lr: 3e-05
iteration: 24780, loss: 0.0021, scmap loss: 0.0019, locref loss: 0.0000, limb loss: 0.0002, lr: 3e-05
iteration: 24800, loss: 0.0023, scmap loss: 0.0021, locref loss: 0.0000, limb loss: 0.0002, lr: 3e-05
iteration: 24820, loss: 0.0023, scmap loss: 0.0021, locref loss: 0.0000, limb loss: 0.0002, lr: 3e-05
iteration: 24840, loss: 0.0022, scmap loss: 0.0019, locref loss: 0.0000, limb loss: 0.0002, lr: 3e-05
iteration: 24860, loss: 0.0023, scmap loss: 0.0021, locref loss: 0.0000, limb loss: 0.0002, lr: 3e-05
iteration: 24880, loss: 0.0024, scmap loss: 0.0021, locref loss: 0.0000, limb loss: 0.0002, lr: 3e-05
iteration: 24900, loss: 0.0022, scmap loss: 0.0020, locref loss: 0.0000, limb loss: 0.0002, lr: 3e-05
iteration: 24920, loss: 0.0021, scmap loss: 0.0018, locref loss: 0.0000, limb loss: 0.0002, lr: 3e-05
iteration: 24940, loss: 0.0020, scmap loss: 0.0018, locref loss: 0.0000, limb loss: 0.0002, lr: 3e-05
iteration: 24960, loss: 0.0023, scmap loss: 0.0021, locref loss: 0.0000, limb loss: 0.0002, lr: 3e-05
iteration: 24980, loss: 0.0022, scmap loss: 0.0020, locref loss: 0.0000, limb loss: 0.0002, lr: 3e-05
iteration: 25000, loss: 0.0022, scmap loss: 0.0020, locref loss: 0.0000, limb loss: 0.0002, lr: 3e-05
iteration: 25020, loss: 0.0022, scmap loss: 0.0020, locref loss: 0.0000, limb loss: 0.0002, lr: 3e-05
iteration: 25040, loss: 0.0022, scmap loss: 0.0020, locref loss: 0.0000, limb loss: 0.0002, lr: 3e-05
iteration: 25060, loss: 0.0021, scmap loss: 0.0019, locref loss: 0.0000, limb loss: 0.0002, lr: 3e-05
iteration: 25080, loss: 0.0021, scmap loss: 0.0019, locref loss: 0.0000, limb loss: 0.0002, lr: 3e-05
iteration: 25100, loss: 0.0022, scmap loss: 0.0020, locref loss: 0.0000, limb loss: 0.0002, lr: 3e-05
iteration: 25120, loss: 0.0023, scmap loss: 0.0021, locref loss: 0.0000, limb loss: 0.0002, lr: 3e-05
iteration: 25140, loss: 0.0021, scmap loss: 0.0019, locref loss: 0.0000, limb loss: 0.0002, lr: 3e-05
iteration: 25160, loss: 0.0023, scmap loss: 0.0021, locref loss: 0.0000, limb loss: 0.0002, lr: 3e-05
iteration: 25180, loss: 0.0021, scmap loss: 0.0019, locref loss: 0.0000, limb loss: 0.0002, lr: 3e-05
iteration: 25200, loss: 0.0020, scmap loss: 0.0017, locref loss: 0.0000, limb loss: 0.0002, lr: 3e-05
iteration: 25220, loss: 0.0023, scmap loss: 0.0020, locref loss: 0.0000, limb loss: 0.0002, lr: 3e-05
iteration: 25240, loss: 0.0021, scmap loss: 0.0019, locref loss: 0.0000, limb loss: 0.0002, lr: 3e-05
iteration: 25260, loss: 0.0021, scmap loss: 0.0018, locref loss: 0.0000, limb loss: 0.0002, lr: 3e-05
iteration: 25280, loss: 0.0022, scmap loss: 0.0020, locref loss: 0.0000, limb loss: 0.0002, lr: 3e-05
iteration: 25300, loss: 0.0021, scmap loss: 0.0019, locref loss: 0.0000, limb loss: 0.0002, lr: 3e-05
iteration: 25320, loss: 0.0023, scmap loss: 0.0020, locref loss: 0.0000, limb loss: 0.0002, lr: 3e-05
iteration: 25340, loss: 0.0021, scmap loss: 0.0019, locref loss: 0.0000, limb loss: 0.0002, lr: 3e-05
iteration: 25360, loss: 0.0021, scmap loss: 0.0019, locref loss: 0.0000, limb loss: 0.0002, lr: 3e-05
iteration: 25380, loss: 0.0023, scmap loss: 0.0021, locref loss: 0.0000, limb loss: 0.0002, lr: 3e-05
iteration: 25400, loss: 0.0021, scmap loss: 0.0019, locref loss: 0.0000, limb loss: 0.0002, lr: 3e-05
iteration: 25420, loss: 0.0022, scmap loss: 0.0019, locref loss: 0.0000, limb loss: 0.0002, lr: 3e-05
iteration: 25440, loss: 0.0023, scmap loss: 0.0020, locref loss: 0.0000, limb loss: 0.0002, lr: 3e-05
iteration: 25460, loss: 0.0023, scmap loss: 0.0020, locref loss: 0.0000, limb loss: 0.0002, lr: 3e-05
iteration: 25480, loss: 0.0021, scmap loss: 0.0019, locref loss: 0.0000, limb loss: 0.0002, lr: 3e-05
iteration: 25500, loss: 0.0023, scmap loss: 0.0020, locref loss: 0.0000, limb loss: 0.0002, lr: 3e-05
iteration: 25520, loss: 0.0021, scmap loss: 0.0018, locref loss: 0.0000, limb loss: 0.0002, lr: 3e-05
iteration: 25540, loss: 0.0023, scmap loss: 0.0021, locref loss: 0.0000, limb loss: 0.0002, lr: 3e-05
iteration: 25560, loss: 0.0022, scmap loss: 0.0020, locref loss: 0.0000, limb loss: 0.0002, lr: 3e-05
iteration: 25580, loss: 0.0021, scmap loss: 0.0019, locref loss: 0.0000, limb loss: 0.0002, lr: 3e-05
iteration: 25600, loss: 0.0022, scmap loss: 0.0020, locref loss: 0.0000, limb loss: 0.0002, lr: 3e-05
iteration: 25620, loss: 0.0023, scmap loss: 0.0020, locref loss: 0.0000, limb loss: 0.0002, lr: 3e-05
iteration: 25640, loss: 0.0023, scmap loss: 0.0020, locref loss: 0.0000, limb loss: 0.0002, lr: 3e-05
iteration: 25660, loss: 0.0021, scmap loss: 0.0019, locref loss: 0.0000, limb loss: 0.0002, lr: 3e-05
iteration: 25680, loss: 0.0021, scmap loss: 0.0018, locref loss: 0.0000, limb loss: 0.0002, lr: 3e-05
iteration: 25700, loss: 0.0022, scmap loss: 0.0020, locref loss: 0.0000, limb loss: 0.0002, lr: 3e-05
iteration: 25720, loss: 0.0021, scmap loss: 0.0019, locref loss: 0.0000, limb loss: 0.0002, lr: 3e-05
iteration: 25740, loss: 0.0020, scmap loss: 0.0018, locref loss: 0.0000, limb loss: 0.0002, lr: 3e-05
iteration: 25760, loss: 0.0021, scmap loss: 0.0019, locref loss: 0.0000, limb loss: 0.0002, lr: 3e-05
iteration: 25780, loss: 0.0021, scmap loss: 0.0019, locref loss: 0.0000, limb loss: 0.0002, lr: 3e-05
iteration: 25800, loss: 0.0022, scmap loss: 0.0020, locref loss: 0.0000, limb loss: 0.0002, lr: 3e-05
iteration: 25820, loss: 0.0023, scmap loss: 0.0021, locref loss: 0.0000, limb loss: 0.0002, lr: 3e-05
iteration: 25840, loss: 0.0021, scmap loss: 0.0019, locref loss: 0.0000, limb loss: 0.0002, lr: 3e-05
iteration: 25860, loss: 0.0022, scmap loss: 0.0019, locref loss: 0.0000, limb loss: 0.0002, lr: 3e-05
iteration: 25880, loss: 0.0022, scmap loss: 0.0020, locref loss: 0.0000, limb loss: 0.0002, lr: 3e-05
iteration: 25900, loss: 0.0022, scmap loss: 0.0020, locref loss: 0.0000, limb loss: 0.0002, lr: 3e-05
iteration: 25920, loss: 0.0022, scmap loss: 0.0020, locref loss: 0.0000, limb loss: 0.0002, lr: 3e-05
iteration: 25940, loss: 0.0022, scmap loss: 0.0020, locref loss: 0.0000, limb loss: 0.0002, lr: 3e-05
iteration: 25960, loss: 0.0023, scmap loss: 0.0020, locref loss: 0.0000, limb loss: 0.0002, lr: 3e-05
iteration: 25980, loss: 0.0021, scmap loss: 0.0019, locref loss: 0.0000, limb loss: 0.0002, lr: 3e-05
iteration: 26000, loss: 0.0023, scmap loss: 0.0020, locref loss: 0.0000, limb loss: 0.0002, lr: 3e-05
iteration: 26020, loss: 0.0022, scmap loss: 0.0020, locref loss: 0.0000, limb loss: 0.0002, lr: 3e-05
iteration: 26040, loss: 0.0021, scmap loss: 0.0019, locref loss: 0.0000, limb loss: 0.0002, lr: 3e-05
iteration: 26060, loss: 0.0022, scmap loss: 0.0020, locref loss: 0.0000, limb loss: 0.0002, lr: 3e-05
iteration: 26080, loss: 0.0020, scmap loss: 0.0018, locref loss: 0.0000, limb loss: 0.0002, lr: 3e-05
iteration: 26100, loss: 0.0021, scmap loss: 0.0019, locref loss: 0.0000, limb loss: 0.0002, lr: 3e-05
iteration: 26120, loss: 0.0023, scmap loss: 0.0020, locref loss: 0.0000, limb loss: 0.0002, lr: 3e-05
iteration: 26140, loss: 0.0022, scmap loss: 0.0019, locref loss: 0.0000, limb loss: 0.0002, lr: 3e-05
iteration: 26160, loss: 0.0021, scmap loss: 0.0019, locref loss: 0.0000, limb loss: 0.0002, lr: 3e-05
iteration: 26180, loss: 0.0023, scmap loss: 0.0020, locref loss: 0.0000, limb loss: 0.0002, lr: 3e-05
iteration: 26200, loss: 0.0022, scmap loss: 0.0019, locref loss: 0.0000, limb loss: 0.0002, lr: 3e-05
iteration: 26220, loss: 0.0021, scmap loss: 0.0018, locref loss: 0.0000, limb loss: 0.0002, lr: 3e-05
iteration: 26240, loss: 0.0022, scmap loss: 0.0020, locref loss: 0.0000, limb loss: 0.0002, lr: 3e-05
iteration: 26260, loss: 0.0022, scmap loss: 0.0019, locref loss: 0.0000, limb loss: 0.0002, lr: 3e-05
iteration: 26280, loss: 0.0021, scmap loss: 0.0018, locref loss: 0.0000, limb loss: 0.0002, lr: 3e-05
iteration: 26300, loss: 0.0023, scmap loss: 0.0020, locref loss: 0.0000, limb loss: 0.0002, lr: 3e-05
iteration: 26320, loss: 0.0022, scmap loss: 0.0019, locref loss: 0.0000, limb loss: 0.0002, lr: 3e-05
iteration: 26340, loss: 0.0020, scmap loss: 0.0018, locref loss: 0.0000, limb loss: 0.0002, lr: 3e-05
iteration: 26360, loss: 0.0021, scmap loss: 0.0019, locref loss: 0.0000, limb loss: 0.0002, lr: 3e-05
iteration: 26380, loss: 0.0021, scmap loss: 0.0019, locref loss: 0.0000, limb loss: 0.0002, lr: 3e-05
iteration: 26400, loss: 0.0021, scmap loss: 0.0019, locref loss: 0.0000, limb loss: 0.0002, lr: 3e-05
iteration: 26420, loss: 0.0023, scmap loss: 0.0021, locref loss: 0.0000, limb loss: 0.0002, lr: 3e-05
iteration: 26440, loss: 0.0023, scmap loss: 0.0020, locref loss: 0.0000, limb loss: 0.0002, lr: 3e-05
iteration: 26460, loss: 0.0022, scmap loss: 0.0020, locref loss: 0.0000, limb loss: 0.0002, lr: 3e-05
iteration: 26480, loss: 0.0022, scmap loss: 0.0020, locref loss: 0.0000, limb loss: 0.0002, lr: 3e-05
iteration: 26500, loss: 0.0022, scmap loss: 0.0020, locref loss: 0.0000, limb loss: 0.0002, lr: 3e-05
iteration: 26520, loss: 0.0022, scmap loss: 0.0019, locref loss: 0.0000, limb loss: 0.0003, lr: 3e-05
iteration: 26540, loss: 0.0022, scmap loss: 0.0020, locref loss: 0.0000, limb loss: 0.0002, lr: 3e-05
iteration: 26560, loss: 0.0020, scmap loss: 0.0018, locref loss: 0.0000, limb loss: 0.0002, lr: 3e-05
iteration: 26580, loss: 0.0022, scmap loss: 0.0020, locref loss: 0.0000, limb loss: 0.0002, lr: 3e-05
iteration: 26600, loss: 0.0022, scmap loss: 0.0020, locref loss: 0.0000, limb loss: 0.0002, lr: 3e-05
iteration: 26620, loss: 0.0020, scmap loss: 0.0018, locref loss: 0.0000, limb loss: 0.0002, lr: 3e-05
iteration: 26640, loss: 0.0021, scmap loss: 0.0019, locref loss: 0.0000, limb loss: 0.0002, lr: 3e-05
iteration: 26660, loss: 0.0019, scmap loss: 0.0017, locref loss: 0.0000, limb loss: 0.0002, lr: 3e-05
iteration: 26680, loss: 0.0023, scmap loss: 0.0020, locref loss: 0.0000, limb loss: 0.0002, lr: 3e-05
iteration: 26700, loss: 0.0023, scmap loss: 0.0021, locref loss: 0.0000, limb loss: 0.0002, lr: 3e-05
iteration: 26720, loss: 0.0021, scmap loss: 0.0019, locref loss: 0.0000, limb loss: 0.0002, lr: 3e-05
iteration: 26740, loss: 0.0021, scmap loss: 0.0019, locref loss: 0.0000, limb loss: 0.0002, lr: 3e-05
iteration: 26760, loss: 0.0023, scmap loss: 0.0021, locref loss: 0.0000, limb loss: 0.0002, lr: 3e-05
iteration: 26780, loss: 0.0022, scmap loss: 0.0019, locref loss: 0.0000, limb loss: 0.0002, lr: 3e-05
iteration: 26800, loss: 0.0022, scmap loss: 0.0019, locref loss: 0.0000, limb loss: 0.0002, lr: 3e-05
iteration: 26820, loss: 0.0022, scmap loss: 0.0020, locref loss: 0.0000, limb loss: 0.0002, lr: 3e-05
iteration: 26840, loss: 0.0020, scmap loss: 0.0018, locref loss: 0.0000, limb loss: 0.0002, lr: 3e-05
iteration: 26860, loss: 0.0021, scmap loss: 0.0019, locref loss: 0.0000, limb loss: 0.0002, lr: 3e-05
iteration: 26880, loss: 0.0023, scmap loss: 0.0021, locref loss: 0.0000, limb loss: 0.0002, lr: 3e-05
iteration: 26900, loss: 0.0022, scmap loss: 0.0020, locref loss: 0.0000, limb loss: 0.0002, lr: 3e-05
iteration: 26920, loss: 0.0023, scmap loss: 0.0020, locref loss: 0.0000, limb loss: 0.0002, lr: 3e-05
iteration: 26940, loss: 0.0021, scmap loss: 0.0019, locref loss: 0.0000, limb loss: 0.0002, lr: 3e-05
iteration: 26960, loss: 0.0021, scmap loss: 0.0018, locref loss: 0.0000, limb loss: 0.0002, lr: 3e-05
iteration: 26980, loss: 0.0021, scmap loss: 0.0018, locref loss: 0.0000, limb loss: 0.0002, lr: 3e-05
iteration: 27000, loss: 0.0021, scmap loss: 0.0019, locref loss: 0.0000, limb loss: 0.0002, lr: 3e-05
iteration: 27020, loss: 0.0022, scmap loss: 0.0019, locref loss: 0.0000, limb loss: 0.0002, lr: 3e-05
iteration: 27040, loss: 0.0021, scmap loss: 0.0019, locref loss: 0.0000, limb loss: 0.0002, lr: 3e-05
iteration: 27060, loss: 0.0021, scmap loss: 0.0019, locref loss: 0.0000, limb loss: 0.0002, lr: 3e-05
iteration: 27080, loss: 0.0021, scmap loss: 0.0019, locref loss: 0.0000, limb loss: 0.0002, lr: 3e-05
iteration: 27100, loss: 0.0021, scmap loss: 0.0019, locref loss: 0.0000, limb loss: 0.0002, lr: 3e-05
iteration: 27120, loss: 0.0022, scmap loss: 0.0020, locref loss: 0.0000, limb loss: 0.0002, lr: 3e-05
iteration: 27140, loss: 0.0021, scmap loss: 0.0019, locref loss: 0.0000, limb loss: 0.0002, lr: 3e-05
iteration: 27160, loss: 0.0020, scmap loss: 0.0018, locref loss: 0.0000, limb loss: 0.0002, lr: 3e-05
iteration: 27180, loss: 0.0019, scmap loss: 0.0017, locref loss: 0.0000, limb loss: 0.0002, lr: 3e-05
iteration: 27200, loss: 0.0020, scmap loss: 0.0018, locref loss: 0.0000, limb loss: 0.0002, lr: 3e-05
iteration: 27220, loss: 0.0022, scmap loss: 0.0020, locref loss: 0.0000, limb loss: 0.0002, lr: 3e-05
iteration: 27240, loss: 0.0022, scmap loss: 0.0020, locref loss: 0.0000, limb loss: 0.0002, lr: 3e-05
iteration: 27260, loss: 0.0022, scmap loss: 0.0020, locref loss: 0.0000, limb loss: 0.0002, lr: 3e-05
iteration: 27280, loss: 0.0021, scmap loss: 0.0019, locref loss: 0.0000, limb loss: 0.0002, lr: 3e-05
iteration: 27300, loss: 0.0021, scmap loss: 0.0019, locref loss: 0.0000, limb loss: 0.0002, lr: 3e-05
iteration: 27320, loss: 0.0021, scmap loss: 0.0019, locref loss: 0.0000, limb loss: 0.0002, lr: 3e-05
iteration: 27340, loss: 0.0020, scmap loss: 0.0018, locref loss: 0.0000, limb loss: 0.0002, lr: 3e-05
iteration: 27360, loss: 0.0022, scmap loss: 0.0020, locref loss: 0.0000, limb loss: 0.0002, lr: 3e-05
iteration: 27380, loss: 0.0021, scmap loss: 0.0019, locref loss: 0.0000, limb loss: 0.0002, lr: 3e-05
iteration: 27400, loss: 0.0022, scmap loss: 0.0020, locref loss: 0.0000, limb loss: 0.0002, lr: 3e-05
iteration: 27420, loss: 0.0020, scmap loss: 0.0018, locref loss: 0.0000, limb loss: 0.0002, lr: 3e-05
iteration: 27440, loss: 0.0021, scmap loss: 0.0019, locref loss: 0.0000, limb loss: 0.0002, lr: 3e-05
iteration: 27460, loss: 0.0020, scmap loss: 0.0018, locref loss: 0.0000, limb loss: 0.0002, lr: 3e-05
iteration: 27480, loss: 0.0022, scmap loss: 0.0019, locref loss: 0.0000, limb loss: 0.0002, lr: 3e-05
iteration: 27500, loss: 0.0022, scmap loss: 0.0020, locref loss: 0.0000, limb loss: 0.0002, lr: 3e-05
iteration: 27520, loss: 0.0021, scmap loss: 0.0019, locref loss: 0.0000, limb loss: 0.0002, lr: 1e-05
iteration: 27540, loss: 0.0021, scmap loss: 0.0019, locref loss: 0.0000, limb loss: 0.0002, lr: 1e-05
iteration: 27560, loss: 0.0021, scmap loss: 0.0018, locref loss: 0.0000, limb loss: 0.0002, lr: 1e-05
iteration: 27580, loss: 0.0019, scmap loss: 0.0017, locref loss: 0.0000, limb loss: 0.0002, lr: 1e-05
iteration: 27600, loss: 0.0023, scmap loss: 0.0020, locref loss: 0.0000, limb loss: 0.0002, lr: 1e-05
iteration: 27620, loss: 0.0020, scmap loss: 0.0018, locref loss: 0.0000, limb loss: 0.0002, lr: 1e-05
iteration: 27640, loss: 0.0021, scmap loss: 0.0019, locref loss: 0.0000, limb loss: 0.0002, lr: 1e-05
iteration: 27660, loss: 0.0021, scmap loss: 0.0019, locref loss: 0.0000, limb loss: 0.0002, lr: 1e-05
iteration: 27680, loss: 0.0021, scmap loss: 0.0018, locref loss: 0.0000, limb loss: 0.0002, lr: 1e-05
iteration: 27700, loss: 0.0020, scmap loss: 0.0018, locref loss: 0.0000, limb loss: 0.0002, lr: 1e-05
iteration: 27720, loss: 0.0021, scmap loss: 0.0018, locref loss: 0.0000, limb loss: 0.0002, lr: 1e-05
iteration: 27740, loss: 0.0021, scmap loss: 0.0019, locref loss: 0.0000, limb loss: 0.0002, lr: 1e-05
iteration: 27760, loss: 0.0022, scmap loss: 0.0020, locref loss: 0.0000, limb loss: 0.0002, lr: 1e-05
iteration: 27780, loss: 0.0022, scmap loss: 0.0019, locref loss: 0.0000, limb loss: 0.0002, lr: 1e-05
iteration: 27800, loss: 0.0021, scmap loss: 0.0019, locref loss: 0.0000, limb loss: 0.0002, lr: 1e-05
iteration: 27820, loss: 0.0019, scmap loss: 0.0017, locref loss: 0.0000, limb loss: 0.0002, lr: 1e-05
iteration: 27840, loss: 0.0020, scmap loss: 0.0018, locref loss: 0.0000, limb loss: 0.0002, lr: 1e-05
iteration: 27860, loss: 0.0020, scmap loss: 0.0017, locref loss: 0.0000, limb loss: 0.0002, lr: 1e-05
iteration: 27880, loss: 0.0020, scmap loss: 0.0018, locref loss: 0.0000, limb loss: 0.0002, lr: 1e-05
iteration: 27900, loss: 0.0021, scmap loss: 0.0019, locref loss: 0.0000, limb loss: 0.0002, lr: 1e-05
iteration: 27920, loss: 0.0020, scmap loss: 0.0018, locref loss: 0.0000, limb loss: 0.0002, lr: 1e-05
iteration: 27940, loss: 0.0021, scmap loss: 0.0019, locref loss: 0.0000, limb loss: 0.0002, lr: 1e-05
iteration: 27960, loss: 0.0021, scmap loss: 0.0019, locref loss: 0.0000, limb loss: 0.0002, lr: 1e-05
iteration: 27980, loss: 0.0021, scmap loss: 0.0019, locref loss: 0.0000, limb loss: 0.0002, lr: 1e-05
iteration: 28000, loss: 0.0020, scmap loss: 0.0018, locref loss: 0.0000, limb loss: 0.0002, lr: 1e-05
iteration: 28020, loss: 0.0021, scmap loss: 0.0018, locref loss: 0.0000, limb loss: 0.0002, lr: 1e-05
iteration: 28040, loss: 0.0022, scmap loss: 0.0020, locref loss: 0.0000, limb loss: 0.0002, lr: 1e-05
iteration: 28060, loss: 0.0020, scmap loss: 0.0018, locref loss: 0.0000, limb loss: 0.0002, lr: 1e-05
iteration: 28080, loss: 0.0021, scmap loss: 0.0019, locref loss: 0.0000, limb loss: 0.0002, lr: 1e-05
iteration: 28100, loss: 0.0022, scmap loss: 0.0020, locref loss: 0.0000, limb loss: 0.0002, lr: 1e-05
iteration: 28120, loss: 0.0021, scmap loss: 0.0019, locref loss: 0.0000, limb loss: 0.0002, lr: 1e-05
iteration: 28140, loss: 0.0020, scmap loss: 0.0018, locref loss: 0.0000, limb loss: 0.0002, lr: 1e-05
iteration: 28160, loss: 0.0020, scmap loss: 0.0018, locref loss: 0.0000, limb loss: 0.0002, lr: 1e-05
iteration: 28180, loss: 0.0020, scmap loss: 0.0018, locref loss: 0.0000, limb loss: 0.0002, lr: 1e-05
iteration: 28200, loss: 0.0022, scmap loss: 0.0020, locref loss: 0.0000, limb loss: 0.0002, lr: 1e-05
iteration: 28220, loss: 0.0021, scmap loss: 0.0019, locref loss: 0.0000, limb loss: 0.0002, lr: 1e-05
iteration: 28240, loss: 0.0021, scmap loss: 0.0019, locref loss: 0.0000, limb loss: 0.0002, lr: 1e-05
iteration: 28260, loss: 0.0020, scmap loss: 0.0018, locref loss: 0.0000, limb loss: 0.0002, lr: 1e-05
iteration: 28280, loss: 0.0023, scmap loss: 0.0020, locref loss: 0.0000, limb loss: 0.0002, lr: 1e-05
iteration: 28300, loss: 0.0021, scmap loss: 0.0019, locref loss: 0.0000, limb loss: 0.0002, lr: 1e-05
iteration: 28320, loss: 0.0019, scmap loss: 0.0017, locref loss: 0.0000, limb loss: 0.0002, lr: 1e-05
iteration: 28340, loss: 0.0020, scmap loss: 0.0018, locref loss: 0.0000, limb loss: 0.0002, lr: 1e-05
iteration: 28360, loss: 0.0021, scmap loss: 0.0019, locref loss: 0.0000, limb loss: 0.0002, lr: 1e-05
iteration: 28380, loss: 0.0020, scmap loss: 0.0018, locref loss: 0.0000, limb loss: 0.0002, lr: 1e-05
iteration: 28400, loss: 0.0020, scmap loss: 0.0018, locref loss: 0.0000, limb loss: 0.0002, lr: 1e-05
iteration: 28420, loss: 0.0020, scmap loss: 0.0018, locref loss: 0.0000, limb loss: 0.0002, lr: 1e-05
iteration: 28440, loss: 0.0021, scmap loss: 0.0019, locref loss: 0.0000, limb loss: 0.0002, lr: 1e-05
iteration: 28460, loss: 0.0019, scmap loss: 0.0017, locref loss: 0.0000, limb loss: 0.0002, lr: 1e-05
iteration: 28480, loss: 0.0019, scmap loss: 0.0017, locref loss: 0.0000, limb loss: 0.0002, lr: 1e-05
iteration: 28500, loss: 0.0019, scmap loss: 0.0017, locref loss: 0.0000, limb loss: 0.0002, lr: 1e-05
iteration: 28520, loss: 0.0021, scmap loss: 0.0019, locref loss: 0.0000, limb loss: 0.0002, lr: 1e-05
iteration: 28540, loss: 0.0020, scmap loss: 0.0018, locref loss: 0.0000, limb loss: 0.0002, lr: 1e-05
iteration: 28560, loss: 0.0020, scmap loss: 0.0018, locref loss: 0.0000, limb loss: 0.0002, lr: 1e-05
iteration: 28580, loss: 0.0021, scmap loss: 0.0019, locref loss: 0.0000, limb loss: 0.0002, lr: 1e-05
iteration: 28600, loss: 0.0021, scmap loss: 0.0019, locref loss: 0.0000, limb loss: 0.0002, lr: 1e-05
iteration: 28620, loss: 0.0019, scmap loss: 0.0017, locref loss: 0.0000, limb loss: 0.0002, lr: 1e-05
iteration: 28640, loss: 0.0019, scmap loss: 0.0017, locref loss: 0.0000, limb loss: 0.0002, lr: 1e-05
iteration: 28660, loss: 0.0021, scmap loss: 0.0019, locref loss: 0.0000, limb loss: 0.0002, lr: 1e-05
iteration: 28680, loss: 0.0019, scmap loss: 0.0017, locref loss: 0.0000, limb loss: 0.0002, lr: 1e-05
iteration: 28700, loss: 0.0019, scmap loss: 0.0017, locref loss: 0.0000, limb loss: 0.0002, lr: 1e-05
iteration: 28720, loss: 0.0019, scmap loss: 0.0017, locref loss: 0.0000, limb loss: 0.0002, lr: 1e-05
iteration: 28740, loss: 0.0021, scmap loss: 0.0019, locref loss: 0.0000, limb loss: 0.0002, lr: 1e-05
iteration: 28760, loss: 0.0020, scmap loss: 0.0018, locref loss: 0.0000, limb loss: 0.0002, lr: 1e-05
iteration: 28780, loss: 0.0021, scmap loss: 0.0019, locref loss: 0.0000, limb loss: 0.0002, lr: 1e-05
iteration: 28800, loss: 0.0020, scmap loss: 0.0018, locref loss: 0.0000, limb loss: 0.0002, lr: 1e-05
iteration: 28820, loss: 0.0019, scmap loss: 0.0017, locref loss: 0.0000, limb loss: 0.0002, lr: 1e-05
iteration: 28840, loss: 0.0020, scmap loss: 0.0018, locref loss: 0.0000, limb loss: 0.0002, lr: 1e-05
iteration: 28860, loss: 0.0020, scmap loss: 0.0018, locref loss: 0.0000, limb loss: 0.0002, lr: 1e-05
iteration: 28880, loss: 0.0020, scmap loss: 0.0017, locref loss: 0.0000, limb loss: 0.0002, lr: 1e-05
iteration: 28900, loss: 0.0020, scmap loss: 0.0018, locref loss: 0.0000, limb loss: 0.0002, lr: 1e-05
iteration: 28920, loss: 0.0021, scmap loss: 0.0019, locref loss: 0.0000, limb loss: 0.0002, lr: 1e-05
iteration: 28940, loss: 0.0020, scmap loss: 0.0018, locref loss: 0.0000, limb loss: 0.0002, lr: 1e-05
iteration: 28960, loss: 0.0022, scmap loss: 0.0020, locref loss: 0.0000, limb loss: 0.0002, lr: 1e-05
iteration: 28980, loss: 0.0020, scmap loss: 0.0018, locref loss: 0.0000, limb loss: 0.0002, lr: 1e-05
iteration: 29000, loss: 0.0020, scmap loss: 0.0018, locref loss: 0.0000, limb loss: 0.0002, lr: 1e-05
iteration: 29020, loss: 0.0019, scmap loss: 0.0017, locref loss: 0.0000, limb loss: 0.0002, lr: 1e-05
iteration: 29040, loss: 0.0019, scmap loss: 0.0017, locref loss: 0.0000, limb loss: 0.0002, lr: 1e-05
iteration: 29060, loss: 0.0019, scmap loss: 0.0017, locref loss: 0.0000, limb loss: 0.0002, lr: 1e-05
iteration: 29080, loss: 0.0021, scmap loss: 0.0019, locref loss: 0.0000, limb loss: 0.0002, lr: 1e-05
iteration: 29100, loss: 0.0018, scmap loss: 0.0017, locref loss: 0.0000, limb loss: 0.0002, lr: 1e-05
iteration: 29120, loss: 0.0021, scmap loss: 0.0019, locref loss: 0.0000, limb loss: 0.0002, lr: 1e-05
iteration: 29140, loss: 0.0018, scmap loss: 0.0017, locref loss: 0.0000, limb loss: 0.0002, lr: 1e-05
iteration: 29160, loss: 0.0021, scmap loss: 0.0019, locref loss: 0.0000, limb loss: 0.0002, lr: 1e-05
iteration: 29180, loss: 0.0020, scmap loss: 0.0018, locref loss: 0.0000, limb loss: 0.0002, lr: 1e-05
iteration: 29200, loss: 0.0021, scmap loss: 0.0019, locref loss: 0.0000, limb loss: 0.0002, lr: 1e-05
iteration: 29220, loss: 0.0020, scmap loss: 0.0018, locref loss: 0.0000, limb loss: 0.0002, lr: 1e-05
iteration: 29240, loss: 0.0020, scmap loss: 0.0018, locref loss: 0.0000, limb loss: 0.0002, lr: 1e-05
iteration: 29260, loss: 0.0022, scmap loss: 0.0020, locref loss: 0.0000, limb loss: 0.0002, lr: 1e-05
iteration: 29280, loss: 0.0021, scmap loss: 0.0019, locref loss: 0.0000, limb loss: 0.0002, lr: 1e-05
iteration: 29300, loss: 0.0020, scmap loss: 0.0018, locref loss: 0.0000, limb loss: 0.0002, lr: 1e-05
iteration: 29320, loss: 0.0020, scmap loss: 0.0018, locref loss: 0.0000, limb loss: 0.0002, lr: 1e-05
iteration: 29340, loss: 0.0021, scmap loss: 0.0019, locref loss: 0.0000, limb loss: 0.0002, lr: 1e-05
iteration: 29360, loss: 0.0020, scmap loss: 0.0018, locref loss: 0.0000, limb loss: 0.0002, lr: 1e-05
iteration: 29380, loss: 0.0020, scmap loss: 0.0018, locref loss: 0.0000, limb loss: 0.0002, lr: 1e-05
iteration: 29400, loss: 0.0021, scmap loss: 0.0019, locref loss: 0.0000, limb loss: 0.0002, lr: 1e-05
iteration: 29420, loss: 0.0021, scmap loss: 0.0018, locref loss: 0.0000, limb loss: 0.0002, lr: 1e-05
iteration: 29440, loss: 0.0019, scmap loss: 0.0017, locref loss: 0.0000, limb loss: 0.0002, lr: 1e-05
iteration: 29460, loss: 0.0020, scmap loss: 0.0018, locref loss: 0.0000, limb loss: 0.0002, lr: 1e-05
iteration: 29480, loss: 0.0021, scmap loss: 0.0019, locref loss: 0.0000, limb loss: 0.0002, lr: 1e-05
iteration: 29500, loss: 0.0021, scmap loss: 0.0019, locref loss: 0.0000, limb loss: 0.0002, lr: 1e-05
iteration: 29520, loss: 0.0020, scmap loss: 0.0018, locref loss: 0.0000, limb loss: 0.0002, lr: 1e-05
iteration: 29540, loss: 0.0019, scmap loss: 0.0017, locref loss: 0.0000, limb loss: 0.0002, lr: 1e-05
iteration: 29560, loss: 0.0018, scmap loss: 0.0016, locref loss: 0.0000, limb loss: 0.0002, lr: 1e-05
iteration: 29580, loss: 0.0020, scmap loss: 0.0018, locref loss: 0.0000, limb loss: 0.0002, lr: 1e-05
iteration: 29600, loss: 0.0020, scmap loss: 0.0018, locref loss: 0.0000, limb loss: 0.0002, lr: 1e-05
iteration: 29620, loss: 0.0020, scmap loss: 0.0018, locref loss: 0.0000, limb loss: 0.0002, lr: 1e-05
iteration: 29640, loss: 0.0021, scmap loss: 0.0019, locref loss: 0.0000, limb loss: 0.0002, lr: 1e-05
iteration: 29660, loss: 0.0020, scmap loss: 0.0018, locref loss: 0.0000, limb loss: 0.0002, lr: 1e-05
iteration: 29680, loss: 0.0021, scmap loss: 0.0019, locref loss: 0.0000, limb loss: 0.0002, lr: 1e-05
iteration: 29700, loss: 0.0020, scmap loss: 0.0018, locref loss: 0.0000, limb loss: 0.0002, lr: 1e-05
iteration: 29720, loss: 0.0021, scmap loss: 0.0019, locref loss: 0.0000, limb loss: 0.0002, lr: 1e-05
iteration: 29740, loss: 0.0021, scmap loss: 0.0019, locref loss: 0.0000, limb loss: 0.0002, lr: 1e-05
iteration: 29760, loss: 0.0021, scmap loss: 0.0019, locref loss: 0.0000, limb loss: 0.0002, lr: 1e-05
iteration: 29780, loss: 0.0020, scmap loss: 0.0017, locref loss: 0.0000, limb loss: 0.0002, lr: 1e-05
iteration: 29800, loss: 0.0022, scmap loss: 0.0019, locref loss: 0.0000, limb loss: 0.0002, lr: 1e-05
iteration: 29820, loss: 0.0019, scmap loss: 0.0017, locref loss: 0.0000, limb loss: 0.0002, lr: 1e-05
iteration: 29840, loss: 0.0019, scmap loss: 0.0017, locref loss: 0.0000, limb loss: 0.0002, lr: 1e-05
iteration: 29860, loss: 0.0018, scmap loss: 0.0016, locref loss: 0.0000, limb loss: 0.0002, lr: 1e-05
iteration: 29880, loss: 0.0020, scmap loss: 0.0018, locref loss: 0.0000, limb loss: 0.0002, lr: 1e-05
iteration: 29900, loss: 0.0020, scmap loss: 0.0018, locref loss: 0.0000, limb loss: 0.0002, lr: 1e-05
iteration: 29920, loss: 0.0021, scmap loss: 0.0019, locref loss: 0.0000, limb loss: 0.0002, lr: 1e-05
iteration: 29940, loss: 0.0019, scmap loss: 0.0017, locref loss: 0.0000, limb loss: 0.0002, lr: 1e-05
iteration: 29960, loss: 0.0019, scmap loss: 0.0017, locref loss: 0.0000, limb loss: 0.0002, lr: 1e-05
iteration: 29980, loss: 0.0019, scmap loss: 0.0017, locref loss: 0.0000, limb loss: 0.0002, lr: 1e-05
iteration: 30000, loss: 0.0019, scmap loss: 0.0017, locref loss: 0.0000, limb loss: 0.0002, lr: 1e-05
iteration: 30020, loss: 0.0020, scmap loss: 0.0018, locref loss: 0.0000, limb loss: 0.0002, lr: 1e-05
